# x_m, y_m, w_tr_right_m, w_tr_left_m
0.0, 0.0, 1.1, 1.1
-0.32302886679202825, 0.23587910385148092, 1.1, 1.1
-0.6460986706146405, 0.4717020724056482, 1.1, 1.1
-0.9699990599321362, 0.7063821450129879, 1.1, 1.1
-1.2955245916808171, 0.9388012767336278, 1.1, 1.1
-1.6235192147212043, 1.167720352633765, 1.1, 1.1
-1.9548379754062095, 1.3917970718767947, 1.1, 1.1
-2.2902987081346446, 1.609618003622309, 1.1, 1.1
-2.6308235129914497, 1.8194261071543067, 1.1, 1.1
-2.977415451600451, 2.019039127781028, 1.1, 1.1
-3.3308457751914577, 2.206259266602835, 1.1, 1.1
-3.692181681435855, 2.377697063364195, 1.1, 1.1
-4.061988833794157, 2.529942587210307, 1.1, 1.1
-4.440649072973224, 2.6585244911509704, 1.1, 1.1
-4.827943995593007, 2.758009133430221, 1.1, 1.1
-5.222573575166831, 2.8222795051564873, 1.1, 1.1
-5.62169835370261, 2.8451033651977866, 1.1, 1.1
-6.020709633421882, 2.8212176020190256, 1.1, 1.1
-6.413936442520027, 2.7493719181064407, 1.1, 1.1
-6.796810649323308, 2.634327522555104, 1.1, 1.1
-7.166640139394912, 2.482361568645395, 1.1, 1.1
-7.5222288115912646, 2.2994412702157163, 1.1, 1.1
-7.863216281614945, 2.090516832599114, 1.1, 1.1
-8.190290554365252, 1.860396132928635, 1.1, 1.1
-8.504054766744357, 1.612404830734036, 1.1, 1.1
-8.805330409595765, 1.3493675986376132, 1.1, 1.1
-9.09495276895256, 1.0735397611166348, 1.1, 1.1
-9.373866342409833, 0.7868782719831344, 1.1, 1.1
-9.64255258201009, 0.49060275128351094, 1.1, 1.1
-9.901823527762517, 0.1860512490442261, 1.1, 1.1
-10.15228113355495, -0.12579148600956813, 1.1, 1.1
-10.394402452578152, -0.4441538542130061, 1.1, 1.1
-10.628479249234243, -0.7684789913344332, 1.1, 1.1
-10.854932463954196, -1.0981727500706953, 1.1, 1.1
-11.074087768429795, -1.4327626947649748, 1.1, 1.1
-11.286357864091311, -1.771765021222656, 1.1, 1.1
-11.49242237065192, -2.1145772373978886, 1.1, 1.1
-11.693345975762586, -2.4604292952690727, 1.1, 1.1
-11.890210679764461, -2.8086094303592333, 1.1, 1.1
-12.084071953875362, -3.1584719849370586, 1.1, 1.1
-12.276232312135733, -3.509272326048219, 1.1, 1.1
-12.467986143374432, -3.860295232734032, 1.1, 1.1
-12.660739875384436, -4.2107695866442825, 1.1, 1.1
-12.856016340131443, -4.559843196390574, 1.1, 1.1
-13.055352335691165, -4.9066126110974935, 1.1, 1.1
-13.26057964022132, -5.2499244745820945, 1.1, 1.1
-13.47334024459252, -5.588613145061871, 1.1, 1.1
-13.69546702823434, -5.92122828068625, 1.1, 1.1
-13.928938832248885, -6.245972513513955, 1.1, 1.1
-14.175512219242684, -6.560870149888132, 1.1, 1.1
-14.436770956540887, -6.863676845316704, 1.1, 1.1
-14.714055967762338, -7.151860391091937, 1.1, 1.1
-15.008239475009258, -7.422752114130361, 1.1, 1.1
-15.319153763916159, -7.674265326908348, 1.1, 1.1
-15.644824904671786, -7.906377405437681, 1.1, 1.1
-15.982889068953515, -8.120064986363062, 1.1, 1.1
-16.33134169756082, -8.31637528314856, 1.1, 1.1
-16.688204352716255, -8.49695593722653, 1.1, 1.1
-17.051913374891676, -8.66333393418551, 1.1, 1.1
-17.421220355983152, -8.816905323539324, 1.1, 1.1
-17.79507483573783, -8.95905884984041, 1.1, 1.1
-18.1725201878837, -9.091396016064465, 1.1, 1.1
-18.552941914093992, -9.2149266465184, 1.1, 1.1
-18.935651439965152, -9.331183041495208, 1.1, 1.1
-19.320245608076593, -9.441050787556655, 1.1, 1.1
-19.7062594607277, -9.545825804395285, 1.1, 1.1
-20.093389648289357, -9.646401931520664, 1.1, 1.1
-20.481329199114285, -9.743812450794778, 1.1, 1.1
-20.869821972538215, -9.838994828012261, 1.1, 1.1
-21.258645522286418, -9.932818105151306, 1.1, 1.1
-21.647574235574307, -10.026204849005524, 1.1, 1.1
-22.036399857616257, -10.120019523209002, 1.1, 1.1
-22.42490169980313, -10.215164888192156, 1.1, 1.1
-22.812861904355792, -10.312493330738832, 1.1, 1.1
-23.200020548915884, -10.412960026786415, 1.1, 1.1
-23.58609811161048, -10.517500354773055, 1.1, 1.1
-23.97079046972293, -10.627024356045922, 1.1, 1.1
-24.353665317718075, -10.742736217056446, 1.1, 1.1
-24.734339457576134, -10.865488257199495, 1.1, 1.1
-25.112180849494763, -10.996692443897288, 1.1, 1.1
-25.486641182786336, -11.137248530670597, 1.1, 1.1
-25.8567784694051, -11.288812826582792, 1.1, 1.1
-26.221773096063334, -11.452358551547768, 1.1, 1.1
-26.580409321957468, -11.629404204554923, 1.1, 1.1
-26.931266767540105, -11.821386574810127, 1.1, 1.1
-27.27284093222848, -12.029418642498769, 1.1, 1.1
-27.603293079485567, -12.254690400021445, 1.1, 1.1
-27.9204380173814, -12.498329182797676, 1.1, 1.1
-28.222087980700366, -12.760888239545814, 1.1, 1.1
-28.506085195771036, -13.042429745091923, 1.1, 1.1
-28.771206408428863, -13.34182751478437, 1.1, 1.1
-29.018657082146674, -13.656018167547664, 1.1, 1.1
-29.25035116990312, -13.982021538021993, 1.1, 1.1
-29.468907228722202, -14.316985339924486, 1.1, 1.1
-29.676825763063853, -14.658665533095391, 1.1, 1.1
-29.87637668868651, -15.005307047172387, 1.1, 1.1
-30.070095518466037, -15.35524546324677, 1.1, 1.1
-30.260243625141424, -15.70713980169759, 1.1, 1.1
-30.449060793703172, -16.059751041295428, 1.1, 1.1
-30.63871548038385, -16.41191196291121, 1.1, 1.1
-30.83140065968064, -16.76242166588827, 1.1, 1.1
-31.029115660727307, -17.11011561935048, 1.1, 1.1
-31.234144615930497, -17.45354165028806, 1.1, 1.1
-31.448273135530542, -17.791362341866495, 1.1, 1.1
-31.673872291711852, -18.121623386033452, 1.1, 1.1
-31.91245549141496, -18.442616587812793, 1.1, 1.1
-32.16603298749801, -18.751888089615274, 1.1, 1.1
-32.435782117845534, -19.047139780292866, 1.1, 1.1
-32.7220101470879, -19.32645195591562, 1.1, 1.1
-33.022355618410565, -19.590546855993505, 1.1, 1.1
-33.333646666149775, -19.84167106815373, 1.1, 1.1
-33.65336998370536, -20.081984667251664, 1.1, 1.1
-33.97912746236138, -20.31406612836714, 1.1, 1.1
-34.30899236758442, -20.540280444387967, 1.1, 1.1
-34.64111775824305, -20.763167752242637, 1.1, 1.1
-34.97379741779887, -20.98522815204043, 1.1, 1.1
-35.305310410371014, -21.209023900414646, 1.1, 1.1
-35.633792866292644, -21.437237083385664, 1.1, 1.1
-35.9572240549426, -21.672543562996026, 1.1, 1.1
-36.27300464749054, -21.918002214532677, 1.1, 1.1
-36.578323317996905, -22.1763307859182, 1.1, 1.1
-36.86948170052832, -22.45049537286748, 1.1, 1.1
-37.141787269026985, -22.74335183640646, 1.1, 1.1
-37.39027066135253, -23.05661726916912, 1.1, 1.1
-37.6095043863733, -23.390964835325732, 1.1, 1.1
-37.797460642639024, -23.743882511037803, 1.1, 1.1
-37.95731527842677, -24.11044185767996, 1.1, 1.1
-38.09323365105694, -24.486566382712727, 1.1, 1.1
-38.210357335272484, -24.86897967472468, 1.1, 1.1
-38.31310248476141, -25.25552302317754, 1.1, 1.1
-38.405442424383, -25.644693505186506, 1.1, 1.1
-38.49151442224192, -26.03530360218944, 1.1, 1.1
-38.57481157005955, -26.426517267369245, 1.1, 1.1
-38.65886641983426, -26.817568262781144, 1.1, 1.1
-38.74721622446027, -27.207667689222088, 1.1, 1.1
-38.84308499715498, -27.59598177909044, 1.1, 1.1
-38.95039374101574, -27.981280673807145, 1.1, 1.1
-39.07231157617994, -28.362194792455558, 1.1, 1.1
-39.213101488506645, -28.736524573909257, 1.1, 1.1
-39.375909095167344, -29.101786170718228, 1.1, 1.1
-39.56429901695412, -29.45450945783646, 1.1, 1.1
-39.78000838687286, -29.791203589446365, 1.1, 1.1
-40.01978897036273, -30.11124478576862, 1.1, 1.1
-40.2794218247436, -30.41543602852638, 1.1, 1.1
-40.554042674607686, -30.70619423120756, 1.1, 1.1
-40.84053250158226, -30.98528697072225, 1.1, 1.1
-41.13540949885261, -31.25551646429245, 1.1, 1.1
-41.436270371719985, -31.51907845802394, 1.1, 1.1
-41.74062806122399, -31.7786005267372, 1.1, 1.1
-42.046327229990474, -32.03654355589457, 1.1, 1.1
-42.35116622462832, -32.2955009633208, 1.1, 1.1
-42.652794698830114, -32.55818429458516, 1.1, 1.1
-42.94857188946029, -32.82742763413631, 1.1, 1.1
-43.235165373249274, -33.106404227758176, 1.1, 1.1
-43.50867105934794, -33.39819001439888, 1.1, 1.1
-43.76384855070231, -33.70609392597534, 1.1, 1.1
-43.99395411296337, -34.03310877781063, 1.1, 1.1
-44.19090280271304, -34.38103724945263, 1.1, 1.1
-44.34861519462047, -34.74840834914783, 1.1, 1.1
-44.46679875206143, -35.130356135567624, 1.1, 1.1
-44.54771786637306, -35.521927736370316, 1.1, 1.1
-44.594930349393195, -35.91901111523866, 1.1, 1.1
-44.61230500892338, -36.31853920650344, 1.1, 1.1
-44.604189019857714, -36.718377287965495, 1.1, 1.1
-44.574524041594664, -37.11721194976256, 1.1, 1.1
-44.5265687594222, -37.514278440360435, 1.1, 1.1
-44.46322720354343, -37.90919104476349, 1.1, 1.1
-44.387173498513185, -38.301860802459956, 1.1, 1.1
-44.30054689156055, -38.6923395854015, 1.1, 1.1
-44.20513808864491, -39.08076962942828, 1.1, 1.1
-44.102737904303304, -39.46741773418793, 1.1, 1.1
-43.99475552390382, -39.85254640322742, 1.1, 1.1
-43.882421968943454, -40.23642992537959, 1.1, 1.1
-43.76699365927863, -40.61939506598378, 1.1, 1.1
-43.6495894365944, -41.001759620722524, 1.1, 1.1
-43.531262496918146, -41.383839905056874, 1.1, 1.1
-43.413043411009056, -41.765953551247584, 1.1, 1.1
-43.295968581581064, -42.148419055026196, 1.1, 1.1
-43.18113959530343, -42.53156419567142, 1.1, 1.1
-43.06964377357651, -42.915691408968755, 1.1, 1.1
-42.962657590180626, -43.301097451185726, 1.1, 1.1
-42.86145511389557, -43.688060837569424, 1.1, 1.1
-42.76761403366709, -44.07687228860864, 1.1, 1.1
-42.682684988329505, -44.46772296918785, 1.1, 1.1
-42.60838320583184, -44.860728671943434, 1.1, 1.1
-42.547285663911865, -45.25599540570453, 1.1, 1.1
-42.501330285563455, -45.65329856855061, 1.1, 1.1
-42.47397518235471, -46.05230232434741, 1.1, 1.1
-42.46809554254827, -46.45217762300403, 1.1, 1.1
-42.487382068401644, -46.8516112448565, 1.1, 1.1
-42.53581428574065, -47.2485472327567, 1.1, 1.1
-42.61728835928296, -47.64001651792362, 1.1, 1.1
-42.73512461421721, -48.022089059311384, 1.1, 1.1
-42.89122602829005, -48.39016410140496, 1.1, 1.1
-43.083837145530204, -48.74054680102498, 1.1, 1.1
-43.30654236047159, -49.07266236670108, 1.1, 1.1
-43.55278182969469, -49.38776530776898, 1.1, 1.1
-43.8170080674196, -49.6879818516519, 1.1, 1.1
-44.09478201523968, -49.97574124069304, 1.1, 1.1
-44.38270670502959, -50.253361623485176, 1.1, 1.1
-44.677632649939795, -50.52354395404681, 1.1, 1.1
-44.97735138163883, -50.78840754616552, 1.1, 1.1
-45.27967628231579, -51.05029614711768, 1.1, 1.1
-45.5828019388938, -51.31125868636007, 1.1, 1.1
-45.88493727585878, -51.57336579457598, 1.1, 1.1
-46.184242182816526, -51.838696236910096, 1.1, 1.1
-46.47884043702801, -52.10923624595117, 1.1, 1.1
-46.76654343094723, -52.38708706329417, 1.1, 1.1
-47.04488102485382, -52.67430590667884, 1.1, 1.1
-47.31087074744664, -52.972975128506086, 1.1, 1.1
-47.56147654278407, -53.28465279751581, 1.1, 1.1
-47.79456069526572, -53.609640071611516, 1.1, 1.1
-48.01000650970549, -53.94657799570532, 1.1, 1.1
-48.20755974925895, -54.29431795420384, 1.1, 1.1
-48.38714201321573, -54.651673062515044, 1.1, 1.1
-48.54951348099431, -55.017171663775024, 1.1, 1.1
-48.69529343377049, -55.38960773787015, 1.1, 1.1
-48.825027078854454, -55.767936709885554, 1.1, 1.1
-48.94007231153175, -56.15099058946599, 1.1, 1.1
-49.041273981294246, -56.537937938144324, 1.1, 1.1
-49.129763646144646, -56.927991411052105, 1.1, 1.1
-49.206708708266525, -57.320489365793755, 1.1, 1.1
-49.273091953904505, -57.714913548678275, 1.1, 1.1
-49.33003372204233, -58.11081343678869, 1.1, 1.1
-49.3785661435204, -58.50783409938932, 1.1, 1.1
-49.419501135319614, -58.905711559429136, 1.1, 1.1
-49.45390196346687, -59.3042081944332, 1.1, 1.1
-49.48236785078513, -59.70317350607738, 1.1, 1.1
-49.504734129639026, -60.10252677889126, 1.1, 1.1
-49.52078071878565, -60.502182877291325, 1.1, 1.1
-49.53008073889013, -60.90205221461576, 1.1, 1.1
-49.53209646572372, -61.30202420374586, 1.1, 1.1
-49.52607469000622, -61.70195458815198, 1.1, 1.1
-49.511445512912196, -62.10166042635774, 1.1, 1.1
-49.48736331420769, -62.50090700973185, 1.1, 1.1
-49.45245649523507, -62.89935007171203, 1.1, 1.1
-49.40577047143493, -63.29658095165355, 1.1, 1.1
-49.34544121336538, -63.69196335400164, 1.1, 1.1
-49.26981006763412, -64.0846994327427, 1.1, 1.1
-49.176067391059306, -64.47350003246119, 1.1, 1.1
-49.061416090347095, -64.85663400936272, 1.1, 1.1
-48.922150203555056, -65.23149246807417, 1.1, 1.1
-48.75372466019588, -65.59414256602889, 1.1, 1.1
-48.55060112642383, -65.93847747705212, 1.1, 1.1
-48.30943665413739, -66.2572478076815, 1.1, 1.1
-48.03024912948384, -66.54329092056712, 1.1, 1.1
-47.71627740227506, -66.79065608984443, 1.1, 1.1
-47.37354023188019, -66.99634924083828, 1.1, 1.1
-47.00891488801868, -67.16022311465542, 1.1, 1.1
-46.628993854216176, -67.284742570477, 1.1, 1.1
-46.23913464556805, -67.37358697304828, 1.1, 1.1
-45.843426942179335, -67.43126602782897, 1.1, 1.1
-45.44468180255039, -67.46183402902129, 1.1, 1.1
-45.04482145654457, -67.46935776698606, 1.1, 1.1
-44.6450638146687, -67.45711780551642, 1.1, 1.1
-44.2461714255554, -67.4279526467275, 1.1, 1.1
-43.84863661046345, -67.38394296514909, 1.1, 1.1
-43.452685926891014, -67.32740615543858, 1.1, 1.1
-43.05847244483017, -67.25978641821219, 1.1, 1.1
-42.66600899208885, -67.1826395409711, 1.1, 1.1
-42.27533635545457, -67.09687333440414, 1.1, 1.1
-41.886361596160185, -67.00370544636408, 1.1, 1.1
-41.49902114806229, -66.90395593072188, 1.1, 1.1
-41.11323577432155, -66.79834752113698, 1.1, 1.1
-40.728916619898435, -66.68751889438295, 1.1, 1.1
-40.3459695494927, -66.57203623987132, 1.1, 1.1
-39.96429820834811, -66.4524032956178, 1.1, 1.1
-39.58380613663064, -66.32907002570612, 1.1, 1.1
-39.20439818579834, -66.20244011234794, 1.1, 1.1
-38.82598142261672, -66.07287742467682, 1.1, 1.1
-38.44846565897062, -65.94071161125873, 1.1, 1.1
-38.07176370986883, -65.80624294682494, 1.1, 1.1
-37.69580827394325, -65.66970063457853, 1.1, 1.1
-37.32050054532765, -65.5313878514696, 1.1, 1.1
-36.945758974824436, -65.3915481470368, 1.1, 1.1
-36.57150703218274, -65.25040294669964, 1.1, 1.1
-36.19768267661755, -65.10812896676967, 1.1, 1.1
-35.82419710927096, -64.96496792351749, 1.1, 1.1
-35.4509782055385, -64.82111300403234, 1.1, 1.1
-35.0779594948095, -64.67673969063273, 1.1, 1.1
-34.70506653627683, -64.53204185141153, 1.1, 1.1
-34.332227713574994, -64.38720455868837, 1.1, 1.1
-33.95937392804352, -64.24240579350295, 1.1, 1.1
-33.58643193113965, -64.097834409402, 1.1, 1.1
-33.213334090309644, -63.95366575558226, 1.1, 1.1
-32.84000963664138, -63.81008499174027, 1.1, 1.1
-32.46637695432873, -63.667308360289226, 1.1, 1.1
-32.09237292717418, -63.52550753217904, 1.1, 1.1
-31.717924890496406, -63.38488350131086, 1.1, 1.1
-31.342945163711256, -63.24568360328999, 1.1, 1.1
-30.967358857758533, -63.10812919795765, 1.1, 1.1
-30.591093693801177, -62.97244324544303, 1.1, 1.1
-30.214067767210757, -62.83888610731158, 1.1, 1.1
-29.836196194852697, -62.70774075213406, 1.1, 1.1
-29.45737403640383, -62.579367632058506, 1.1, 1.1
-29.07752843901632, -62.45405648250122, 1.1, 1.1
-28.696568570075367, -62.33217626156883, 1.1, 1.1
-28.3144008875726, -62.214139462602134, 1.1, 1.1
-27.930931105839516, -62.10040596170194, 1.1, 1.1
-27.54606577626656, -61.99149060521017, 1.1, 1.1
-27.159714608505645, -61.88797197923509, 1.1, 1.1
-26.771793790602437, -61.79050252575287, 1.1, 1.1
-26.382202079533087, -61.69994792404859, 1.1, 1.1
-25.990895197334513, -61.617129082650585, 1.1, 1.1
-25.59785462557526, -61.542983950331205, 1.1, 1.1
-25.203051653957747, -61.47890190831504, 1.1, 1.1
-24.806580588459244, -61.42613874615717, 1.1, 1.1
-24.40857905259869, -61.38660143714992, 1.1, 1.1
-24.009377859585953, -61.36210667276542, 1.1, 1.1
-23.609495719458412, -61.355145196119096, 1.1, 1.1
-23.209794398712425, -61.3686318542788, 1.1, 1.1
-22.8116274994392, -61.40590609648491, 1.1, 1.1
-22.417022784048974, -61.47066653502616, 1.1, 1.1
-22.02905937135611, -61.567425177835005, 1.1, 1.1
-21.65184017148687, -61.69991724631758, 1.1, 1.1
-21.291086936994773, -61.87217576072017, 1.1, 1.1
-20.953197095466106, -62.0857292268786, 1.1, 1.1
-20.644700697752175, -62.33985977144492, 1.1, 1.1
-20.37072103162031, -62.63089203174778, 1.1, 1.1
-20.132653274862253, -62.95205562050936, 1.1, 1.1
-19.92823327311992, -63.29568026923867, 1.1, 1.1
-19.75378826219806, -63.65549501967682, 1.1, 1.1
-19.605664355436577, -64.02695357386612, 1.1, 1.1
-19.480556259565773, -64.4068058582202, 1.1, 1.1
-19.37547726364428, -64.792694051913, 1.1, 1.1
-19.287831329302445, -65.1829229465107, 1.1, 1.1
-19.215593272222076, -65.57630501733574, 1.1, 1.1
-19.15700348616312, -65.97195432197744, 1.1, 1.1
-19.11043358679972, -66.3692020352746, 1.1, 1.1
-19.074722112606224, -66.76757577140827, 1.1, 1.1
-19.048836190746933, -67.16671050560498, 1.1, 1.1
-19.031743470952495, -67.56631987021363, 1.1, 1.1
-19.022707559165173, -67.96619458050056, 1.1, 1.1
-19.021191694355043, -68.36616967684958, 1.1, 1.1
-19.02651348249478, -68.76611257198836, 1.1, 1.1
-19.038167217405743, -69.16592147285309, 1.1, 1.1
-19.05572725581792, -69.56551503227465, 1.1, 1.1
-19.07881988712573, -69.96482757585046, 1.1, 1.1
-19.107116954323303, -70.36380557380524, 1.1, 1.1
-19.140330455362122, -70.7624048634163, 1.1, 1.1
-19.17820800284771, -71.1605884441422, 1.1, 1.1
-19.220559749729297, -71.55832127702803, 1.1, 1.1
-19.267186092167734, -71.95557570813267, 1.1, 1.1
-19.317942181034166, -72.35232352145002, 1.1, 1.1
-19.37281809374563, -72.74852239910922, 1.1, 1.1
-19.43183706358861, -73.14412532751587, 1.1, 1.1
-19.49501986844418, -73.53908479019466, 1.1, 1.1
-19.56245914275432, -73.93333977237522, 1.1, 1.1
-19.63412268795623, -74.32684864409305, 1.1, 1.1
-19.70999828173321, -74.71956705099741, 1.1, 1.1
-19.790112230881334, -75.11144295220117, 1.1, 1.1
-19.874553343535776, -75.50240924001471, 1.1, 1.1
-19.96321910006489, -75.89243900116139, 1.1, 1.1
-20.05614447418929, -76.28147597258783, 1.1, 1.1
-20.153383352061365, -76.66945726446399, 1.1, 1.1
-20.25482214961208, -77.05636172901563, 1.1, 1.1
-20.360568100971424, -77.44211123208349, 1.1, 1.1
-20.470507724182667, -77.82668651501803, 1.1, 1.1
-20.58467914362758, -78.21002674852377, 1.1, 1.1
-20.703029469939366, -78.59209755122593, 1.1, 1.1
-20.82554494251817, -78.97285314115038, 1.1, 1.1
-20.95217953932489, -79.35225876125764, 1.1, 1.1
-21.082918003085922, -79.73026980958049, 1.1, 1.1
-21.217675331978306, -80.10686704456558, 1.1, 1.1
-21.356477468137065, -80.48199230303621, 1.1, 1.1
-21.49917724175392, -80.85565236478963, 1.1, 1.1
-21.64583280949219, -81.22777771564662, 1.1, 1.1
-21.796296065696428, -81.59837971868362, 1.1, 1.1
-21.950528459063943, -81.96742926276158, 1.1, 1.1
-22.1085090196932, -82.33488990443354, 1.1, 1.1
-22.270099222842322, -82.70077757840487, 1.1, 1.1
-22.43527149630757, -83.06506242569827, 1.1, 1.1
-22.603959617153055, -83.42773254594881, 1.1, 1.1
-22.7760406399971, -83.7888051758442, 1.1, 1.1
-22.95146020025736, -84.14826791174526, 1.1, 1.1
-23.130162532801055, -84.50610999860004, 1.1, 1.1
-23.312013734959628, -84.86236216121794, 1.1, 1.1
-23.496929559070793, -85.21703348868792, 1.1, 1.1
-23.684869836198146, -85.57011158700007, 1.1, 1.1
-23.875704004369133, -85.92163394528887, 1.1, 1.1
-24.069331524238823, -86.27162548862074, 1.1, 1.1
-24.265660426652165, -86.62010907089561, 1.1, 1.1
-24.464640195168503, -86.96708594475552, 1.1, 1.1
-24.66612925995844, -87.31261166437426, 1.1, 1.1
-24.87003121057542, -87.65671907225129, 1.1, 1.1
-25.076249517004143, -87.9994434984288, 1.1, 1.1
-25.28471292507702, -88.34080708074256, 1.1, 1.1
-25.49530164554626, -88.68086365913322, 1.1, 1.1
-25.70790927400332, -89.01966169595678, 1.1, 1.1
-25.922437211371996, -89.35724715902543, 1.1, 1.1
-26.138792769192065, -89.69366435674164, 1.1, 1.1
-26.356888250428863, -90.02895624242258, 1.1, 1.1
-26.57660378719246, -90.3631887663424, 1.1, 1.1
-26.797840465975145, -90.69641641446088, 1.1, 1.1
-27.020499463261988, -91.02869545032985, 1.1, 1.1
-27.244490507582892, -91.36007807549382, 1.1, 1.1
-27.46971363526967, -91.69062458364488, 1.1, 1.1
-27.69606069396433, -92.02040250515941, 1.1, 1.1
-27.9234337914475, -92.3494738819096, 1.1, 1.1
-28.151735333677657, -92.67790185709823, 1.1, 1.1
-28.38087441679284, -93.00574607974121, 1.1, 1.1
-28.610749427059197, -93.33307473217229, 1.1, 1.1
-28.84125916566297, -93.659956730654, 1.1, 1.1
-29.072307382391607, -93.9864583649512, 1.1, 1.1
-29.303798161724814, -94.31264639112692, 1.1, 1.1
-29.53563864739248, -94.63858596777933, 1.1, 1.1
-29.76772912322505, -94.9643475906594, 1.1, 1.1
-29.99997342905247, -95.28999956786913, 1.1, 1.1
-30.23227689386042, -95.61560934920834, 1.1, 1.1
-30.46454507122366, -95.94124430193702, 1.1, 1.1
-30.696680420345757, -96.2669739522617, 1.1, 1.1
-30.92858949198076, -96.59286473385148, 1.1, 1.1
-31.160178631147545, -96.91898293454967, 1.1, 1.1
-31.391354418370923, -97.24539426463252, 1.1, 1.1
-31.6220190205591, -97.57216701750122, 1.1, 1.1
-31.85207666780491, -97.89936734168626, 1.1, 1.1
-32.08143867300658, -98.22705564155775, 1.1, 1.1
-32.310012443066896, -98.55529422110331, 1.1, 1.1
-32.53770291576286, -98.8841461195176, 1.1, 1.1
-32.76440471018308, -99.21368032574415, 1.1, 1.1
-32.990038180763754, -99.54394687537558, 1.1, 1.1
-33.214511658462754, -99.87500289484291, 1.1, 1.1
-33.4377314017084, -100.20690554517176, 1.1, 1.1
-33.6595844151325, -100.53972325760526, 1.1, 1.1
-33.88000023808495, -100.873494428323, 1.1, 1.1
-34.09888859407197, -101.20826926014384, 1.1, 1.1
-34.3161497401555, -101.54410238638138, 1.1, 1.1
-34.53167751941634, -101.88105048102076, 1.1, 1.1
-34.745405473609566, -102.21914297536738, 1.1, 1.1
-34.95724566297337, -102.55842147725176, 1.1, 1.1
-35.167077112504565, -102.89894593545174, 1.1, 1.1
-35.37483165736541, -103.24074134508638, 1.1, 1.1
-35.580434381585334, -103.58383541183599, 1.1, 1.1
-35.78377558501506, -103.92827462871023, 1.1, 1.1
-35.98476409074957, -104.27409185519295, 1.1, 1.1
-36.1833460097801, -104.62129654895165, 1.1, 1.1
-36.379413808178434, -104.96992716799474, 1.1, 1.1
-36.572872773903036, -105.32001205599639, 1.1, 1.1
-36.763683126638824, -105.67154749156148, 1.1, 1.1
-36.951724061825395, -106.02457208703733, 1.1, 1.1
-37.13692970494634, -106.37909221075019, 1.1, 1.1
-37.319261442741784, -106.73509897842928, 1.1, 1.1
-37.4985623181702, -107.09264176260334, 1.1, 1.1
-37.67484265843046, -107.45168321367728, 1.1, 1.1
-37.84799309135942, -107.81224454415423, 1.1, 1.1
-38.017944548048476, -108.17432457256848, 1.1, 1.1
-38.18466978910904, -108.53790149012505, 1.1, 1.1
-38.34803595405843, -108.90299998430288, 1.1, 1.1
-38.508080660825506, -109.26956665466739, 1.1, 1.1
-38.66462869554686, -109.63764015993382, 1.1, 1.1
-38.81775920690394, -110.00714851537832, 1.1, 1.1
-38.96728222165503, -110.37813128590308, 1.1, 1.1
-39.11328872320819, -110.7505120174161, 1.1, 1.1
-39.25560796466395, -111.12431745538902, 1.1, 1.1
-39.39430647636168, -111.49948135084674, 1.1, 1.1
-39.52927324573806, -111.87600381619137, 1.1, 1.1
-39.66050736409629, -112.25384342731951, 1.1, 1.1
-39.78800459196918, -112.632960386286, 1.1, 1.1
-39.91164692389512, -113.0133519943295, 1.1, 1.1
-40.031514614300676, -113.39494977205361, 1.1, 1.1
-40.14754356952888, -113.77773229843906, 1.1, 1.1
-40.259679668079436, -114.16167324471937, 1.1, 1.1
-40.367980974676364, -114.54671339765774, 1.1, 1.1
-40.47243257420968, -114.93281585577805, 1.1, 1.1
-40.572929507779676, -115.3199664966868, 1.1, 1.1
-40.66956325826347, -115.70809922376198, 1.1, 1.1
-40.76232954571168, -116.09717442007617, 1.1, 1.1
-40.851227291242274, -116.48715186192575, 1.1, 1.1
-40.93622524121479, -116.87799793364343, 1.1, 1.1
-41.01733436359776, -117.2696694332603, 1.1, 1.1
-41.09459768532216, -117.66211756380113, 1.1, 1.1
-41.16802690100989, -118.05530107344995, 1.1, 1.1
-41.23763665257713, -118.44917873628268, 1.1, 1.1
-41.30344445642864, -118.84370946705073, 1.1, 1.1
-41.365470623362064, -119.23885243214283, 1.1, 1.1
-41.423738171667196, -119.63456715625632, 1.1, 1.1
-41.47827272697926, -120.03081362528276, 1.1, 1.1
-41.5290939970646, -120.42755343489549, 1.1, 1.1
-41.576042954675096, -120.82476971782432, 1.1, 1.1
-41.61858053623066, -121.2224818385449, 1.1, 1.1
-41.65601435894456, -121.62070577004914, 1.1, 1.1
-41.68756218274742, -122.019437901617, 1.1, 1.1
-41.7123228498776, -122.41864733130014, 1.1, 1.1
-41.72923881187621, -122.81826387149478, 1.1, 1.1
-41.737049794618294, -123.21815922914784, 1.1, 1.1
-41.734234814841045, -123.61811775182359, 1.1, 1.1
-41.718739717231166, -124.0177801417949, 1.1, 1.1
-41.688120053889044, -124.41655805281619, 1.1, 1.1
-41.63959327452666, -124.81354251543685, 1.1, 1.1
-41.56831821542978, -125.20705462560299, 1.1, 1.1
-41.469403088069164, -125.59448903130013, 1.1, 1.1
-41.33553433542572, -125.97119164074506, 1.1, 1.1
-41.15794812362665, -126.32922995833131, 1.1, 1.1
-40.92643835499384, -126.65473010971338, 1.1, 1.1
-40.63603219879645, -126.92855548287196, 1.1, 1.1
-40.29325867573172, -127.13318639502857, 1.1, 1.1
-39.91727906631556, -127.2681744101396, 1.1, 1.1
-39.52515715509852, -127.34556722675958, 1.1, 1.1
-39.126611646403475, -127.37751989772667, 1.1, 1.1
-38.72672608863743, -127.37525767768082, 1.1, 1.1
-38.32782902115521, -127.34659284138694, 1.1, 1.1
-37.930846373909304, -127.29798978629128, 1.1, 1.1
-37.53614734369564, -127.23332479530713, 1.1, 1.1
-37.14366537929523, -127.15630411957278, 1.1, 1.1
-36.75324775151458, -127.06939612975661, 1.1, 1.1
-36.36466279073188, -126.9746133169393, 1.1, 1.1
-35.97764199757709, -126.8736238997994, 1.1, 1.1
-35.5919027186857, -126.7678396916017, 1.1, 1.1
-35.20715930639749, -126.65848567897359, 1.1, 1.1
-34.82312751217525, -126.5466562070284, 1.1, 1.1
-34.43952495137697, -126.4333618931288, 1.1, 1.1
-34.056072994222966, -126.31955845041503, 1.1, 1.1
-33.67256798158168, -126.20593396621419, 1.1, 1.1
-33.28896310725494, -126.0926470878979, 1.1, 1.1
-32.9052557782239, -125.97970771695529, 1.1, 1.1
-32.521444444964416, -125.86712230130615, 1.1, 1.1
-32.13752755332405, -125.75489737014695, 1.1, 1.1
-31.753503544975302, -125.64303953460723, 1.1, 1.1
-31.369370858176076, -125.53155548739926, 1.1, 1.1
-30.985127928554355, -125.42045200241745, 1.1, 1.1
-30.60077318991654, -125.30973593428719, 1.1, 1.1
-30.216305075079784, -125.19941421786092, 1.1, 1.1
-29.831722016728143, -125.08949386766069, 1.1, 1.1
-29.447022448292355, -124.9799819772656, 1.1, 1.1
-29.062204804853387, -124.87088571864292, 1.1, 1.1
-28.677267524069407, -124.76221234142147, 1.1, 1.1
-28.29220817341939, -124.65397228673146, 1.1, 1.1
-27.907025374130537, -124.54617236844543, 1.1, 1.1
-27.52171810354269, -124.43881820569041, 1.1, 1.1
-27.136284817468376, -124.33191736676908, 1.1, 1.1
-26.75072397944557, -124.22547749299271, 1.1, 1.1
-26.365034061805556, -124.11950629756774, 1.1, 1.1
-25.979213546761866, -124.01401156441553, 1.1, 1.1
-25.593258425273795, -123.90901036455797, 1.1, 1.1
-25.207169440971146, -123.80450246721927, 1.1, 1.1
-24.82094519288908, -123.70049557858012, 1.1, 1.1
-24.434584213489302, -123.59699776770329, 1.1, 1.1
-24.048083632096002, -123.49402250676991, 1.1, 1.1
-23.661441382763687, -123.39158046031848, 1.1, 1.1
-23.274657912763264, -123.28967292057577, 1.1, 1.1
-22.887731825514255, -123.1883082153411, 1.1, 1.1
-22.500658742505138, -123.08750628921821, 1.1, 1.1
-22.113439127367027, -122.98726873827121, 1.1, 1.1
-21.726072650282816, -122.88760024218011, 1.1, 1.1
-21.3385553908629, -122.78851961856478, 1.1, 1.1
-20.95088657882397, -122.69003364830695, 1.1, 1.1
-20.56306689092846, -122.59214348653998, 1.1, 1.1
-20.175091344444702, -122.49487289279514, 1.1, 1.1
-19.78696101848666, -122.39822176384857, 1.1, 1.1
-19.398675229685512, -122.30219709333302, 1.1, 1.1
-19.010228938708988, -122.2068237790379, 1.1, 1.1
-18.621625652460672, -122.11209218789408, 1.1, 1.1
-18.232859764152437, -122.01803012906686, 1.1, 1.1
-17.84393326080829, -121.9246344104806, 1.1, 1.1
-17.454843237384264, -121.8319222916574, 1.1, 1.1
-17.065588984857115, -121.73990213237212, 1.1, 1.1
-16.676169797346077, -121.64858249122702, 1.1, 1.1
-16.286583635433928, -121.55797783939285, 1.1, 1.1
-15.896830645800467, -121.46809355532498, 1.1, 1.1
-15.506908816751533, -121.37894454963875, 1.1, 1.1
-15.116817813425865, -121.2905387616604, 1.1, 1.1
-14.726556992118137, -121.20288565628779, 1.1, 1.1
-14.336124225099375, -121.11600167588004, 1.1, 1.1
-13.945521548613712, -121.02988476126158, 1.1, 1.1
-13.554743763880158, -120.94456598032748, 1.1, 1.1
-13.163795132735938, -120.86003352690437, 1.1, 1.1
-12.772671333185485, -120.77631529409402, 1.1, 1.1
-12.381373637881726, -120.69341368738255, 1.1, 1.1
-11.98990291663273, -120.61133298475453, 1.1, 1.1
-11.59825429186417, -120.5301054024662, 1.1, 1.1
-11.206431982573957, -120.4497198597171, 1.1, 1.1
-10.814434823636464, -120.37019131122457, 1.1, 1.1
-10.422259781297377, -120.29154466180184, 1.1, 1.1
-10.029910264473532, -120.21377314515517, 1.1, 1.1
-9.637386116379716, -120.13688782718805, 1.1, 1.1
-9.244683550214216, -120.06091907038233, 1.1, 1.1
-8.851806493669226, -119.98585799253362, 1.1, 1.1
-8.45875506513385, -119.91171540949848, 1.1, 1.1
-8.065528148579563, -119.83850923055401, 1.1, 1.1
-7.672125612083547, -119.76625280577794, 1.1, 1.1
-7.278549797956102, -119.69494629831043, 1.1, 1.1
-6.884801204254846, -119.62460011056235, 1.1, 1.1
-6.490879813278025, -119.55522803421916, 1.1, 1.1
-6.096785037646483, -119.48684783898305, 1.1, 1.1
-5.702519741585855, -119.41945785371706, 1.1, 1.1
-5.308084823128892, -119.35306789939476, 1.1, 1.1
-4.913481282628775, -119.28768762832753, 1.1, 1.1
-4.518709980304, -119.22332801646274, 1.1, 1.1
-4.123770727938483, -119.16000720504921, 1.1, 1.1
-3.728666614127177, -119.09772343895438, 1.1, 1.1
-3.333399046586635, -119.03648560099083, 1.1, 1.1
-2.9379695353746973, -118.97630235754069, 1.1, 1.1
-2.5423796923909596, -118.91718214906466, 1.1, 1.1
-2.146631230686745, -118.85913318074476, 1.1, 1.1
-1.750725644579132, -118.80216565243678, 1.1, 1.1
-1.3546643281632278, -118.7462911249502, 1.1, 1.1
-0.9584502360632428, -118.69151052350949, 1.1, 1.1
-0.5620854703034737, -118.63783103247457, 1.1, 1.1
-0.16557222767866597, -118.58525955774765, 1.1, 1.1
0.2310872020671042, -118.53380271859508, 1.1, 1.1
0.6278904382485309, -118.48346683973264, 1.1, 1.1
1.0248350114311489, -118.43425794369281, 1.1, 1.1
1.4219183658038086, -118.3861817434915, 1.1, 1.1
1.8191378617274383, -118.33924363561135, 1.1, 1.1
2.2164907784551513, -118.29344869331831, 1.1, 1.1
2.613974317017893, -118.24880166032762, 1.1, 1.1
3.0115858674538343, -118.20530939346801, 1.1, 1.1
3.4093223663479706, -118.16297505080095, 1.1, 1.1
3.8071806044386003, -118.12180058036463, 1.1, 1.1
4.205157505815592, -118.08178937146151, 1.1, 1.1
4.603249932856418, -118.0429444584082, 1.1, 1.1
5.0014546899462715, -118.00526851654055, 1.1, 1.1
5.399768527310941, -117.96876385865613, 1.1, 1.1
5.798188144953498, -117.93343243190323, 1.1, 1.1
6.196710196684598, -117.89927581512418, 1.1, 1.1
6.5953312942360185, -117.86629521666036, 1.1, 1.1
6.994048011447247, -117.8344914726241, 1.1, 1.1
7.392856888514286, -117.80386504564227, 1.1, 1.1
7.791754436289516, -117.77441602407532, 1.1, 1.1
8.1907371406218, -117.74614412171314, 1.1, 1.1
8.589801466725335, -117.71904867794952, 1.1, 1.1
8.988943863566098, -117.6931286584342, 1.1, 1.1
9.388160768254608, -117.66838265620189, 1.1, 1.1
9.787448610433607, -117.64480889327447, 1.1, 1.1
10.186803816649327, -117.62240522273352, 1.1, 1.1
10.586222814695695, -117.60116913125741, 1.1, 1.1
10.985702037920003, -117.58109774211688, 1.1, 1.1
11.385237929479757, -117.56218781862177, 1.1, 1.1
11.78482694653999, -117.54443576801043, 1.1, 1.1
12.184465564400963, -117.52783764577205, 1.1, 1.1
12.584150385929977, -117.51239199468627, 1.1, 1.1
12.98387786702786, -117.49809292649591, 1.1, 1.1
13.383644506818992, -117.4849341688007, 1.1, 1.1
13.783446890925706, -117.47291043816257, 1.1, 1.1
14.18328164218952, -117.46201612634688, 1.1, 1.1
14.583145424202087, -117.45224530695045, 1.1, 1.1
14.983034944707178, -117.44359174237158, 1.1, 1.1
15.382946958867073, -117.43604889110648, 1.1, 1.1
15.782878272387258, -117.42960991535438, 1.1, 1.1
16.18282574449395, -117.42426768891455, 1.1, 1.1
16.58278629075896, -117.42001480535717, 1.1, 1.1
16.982756885768445, -117.41684358644952, 1.1, 1.1
17.382734590211534, -117.41475250268729, 1.1, 1.1
17.782716447078663, -117.41372949733652, 1.1, 1.1
18.182699605323737, -117.41376400951059, 1.1, 1.1
18.582681295972037, -117.41484736804897, 1.1, 1.1
18.982658819953578, -117.41697067425382, 1.1, 1.1
19.382629549788604, -117.42012481144471, 1.1, 1.1
19.782590931103126, -117.42430045463811, 1.1, 1.1
20.182540344920508, -117.42949777704253, 1.1, 1.1
20.58247542851013, -117.43570012218494, 1.1, 1.1
20.982393878175543, -117.44289530569053, 1.1, 1.1
21.382293440966052, -117.45107326611368, 1.1, 1.1
21.782171942189873, -117.46022378226891, 1.1, 1.1
22.182027028674113, -117.47034615437033, 1.1, 1.1
22.581856732438865, -117.48142568525739, 1.1, 1.1
22.981659234788957, -117.4934467002568, 1.1, 1.1
23.381432675637274, -117.50639843247569, 1.1, 1.1
23.781174997928957, -117.52027769642824, 1.1, 1.1
24.18088436719984, -117.5350755174707, 1.1, 1.1
24.58055946950024, -117.55077155665563, 1.1, 1.1
24.980198759484633, -117.56735465236872, 1.1, 1.1
25.379800042261074, -117.58482975070469, 1.1, 1.1
25.7793624203546, -117.60317273231331, 1.1, 1.1
26.178884705316488, -117.62236927509164, 1.1, 1.1
26.578364957236197, -117.64242161796372, 1.1, 1.1
26.97780224587726, -117.66331221224483, 1.1, 1.1
27.377195832694987, -117.68502238920021, 1.1, 1.1
27.77654370161001, -117.70755796272513, 1.1, 1.1
28.175845500995155, -117.73089552781569, 1.1, 1.1
28.575100450280658, -117.7550214668559, 1.1, 1.1
28.974306584196867, -117.77994211074312, 1.1, 1.1
29.373464382769818, -117.80562531738353, 1.1, 1.1
29.772572027099287, -117.83207653924511, 1.1, 1.1
30.171629398753982, -117.85927564202889, 1.1, 1.1
30.570635765224846, -117.88721308681012, 1.1, 1.1
30.969590117007726, -117.915883731551, 1.1, 1.1
31.36849268822548, -117.94526608773386, 1.1, 1.1
31.767341902823897, -117.97536406758682, 1.1, 1.1
32.16613860034775, -118.00615011718253, 1.1, 1.1
32.56488101355552, -118.0376314646349, 1.1, 1.1
32.96357017841705, -118.06978016235611, 1.1, 1.1
33.36220455550807, -118.10260123621366, 1.1, 1.1
33.76078492779259, -118.1360717844497, 1.1, 1.1
34.159310439040354, -118.17018935169291, 1.1, 1.1
34.55778113672836, -118.20494127119002, 1.1, 1.1
34.95619733229814, -118.24031258361619, 1.1, 1.1
35.354557829555816, -118.27630577979761, 1.1, 1.1
35.75286407050003, -118.31289450972562, 1.1, 1.1
36.15111471908549, -118.35008347029363, 1.1, 1.1
36.54931053936234, -118.38785497526291, 1.1, 1.1
36.947452094412355, -118.42619429060754, 1.1, 1.1
37.34553782277169, -118.46510900348034, 1.1, 1.1
37.74356940377628, -118.50457368523045, 1.1, 1.1
38.141547017218834, -118.54457897027774, 1.1, 1.1
38.53946942570177, -118.58512969791057, 1.1, 1.1
38.937338108926326, -118.62620419377967, 1.1, 1.1
39.33515339682825, -118.66779267291938, 1.1, 1.1
39.73291494180035, -118.70989208200436, 1.1, 1.1
40.13062287160558, -118.75249501033035, 1.1, 1.1
40.528278221343605, -118.79558595112698, 1.1, 1.1
40.92588129138774, -118.83915666077719, 1.1, 1.1
41.32343212481819, -118.88320147016994, 1.1, 1.1
41.7209305969345, -118.9277163594833, 1.1, 1.1
42.11837788034201, -118.97268597724977, 1.1, 1.1
42.51577435774494, -119.01810238036894, 1.1, 1.1
42.91312042979162, -119.06395770022506, 1.1, 1.1
43.31041651418702, -119.1102441439053, 1.1, 1.1
43.70766257375986, -119.15695798417288, 1.1, 1.1
44.10485935202148, -119.2040890104782, 1.1, 1.1
44.5020075533535, -119.2516276256333, 1.1, 1.1
44.89910765501302, -119.29956636786794, 1.1, 1.1
45.29616014695732, -119.34789785620555, 1.1, 1.1
45.6931656786468, -119.39661359236746, 1.1, 1.1
46.09013935476855, -119.44558836423906, 1.1, 1.1
46.48717177366599, -119.49408356679955, 1.1, 1.1
46.88439920013804, -119.54095091000407, 1.1, 1.1
47.28195044138893, -119.58498046680968, 1.1, 1.1
47.67993678247464, -119.62487549570879, 1.1, 1.1
48.07844347767812, -119.65916256632983, 1.1, 1.1
48.47749786244839, -119.6862941911883, 1.1, 1.1
48.877056229247486, -119.70446138987059, 1.1, 1.1
49.276959643199305, -119.71156744955394, 1.1, 1.1
49.676856525130894, -119.70462921001604, 1.1, 1.1
50.07609726115062, -119.68091896773012, 1.1, 1.1
50.47348394188829, -119.63596102844873, 1.1, 1.1
50.86707336605803, -119.5652935689969, 1.1, 1.1
51.25357715655663, -119.46292005394916, 1.1, 1.1
51.627734934080074, -119.32217439642069, 1.1, 1.1
51.98175645222762, -119.13672155962837, 1.1, 1.1
52.305376607725904, -118.90234915518631, 1.1, 1.1
52.587361640482364, -118.61928484824742, 1.1, 1.1
52.824101485977735, -118.29733338844484, 1.1, 1.1
53.01723725248337, -117.94736974196337, 1.1, 1.1
53.17085633460376, -117.57826624862922, 1.1, 1.1
53.289827674427116, -117.19652859396649, 1.1, 1.1
53.378831678931505, -116.8066661533981, 1.1, 1.1
53.44106565392439, -116.41162196373465, 1.1, 1.1
53.48060093582004, -116.01365062337831, 1.1, 1.1
53.49927244778079, -115.61414477606202, 1.1, 1.1
53.49959422604553, -115.21419847296556, 1.1, 1.1
53.48319520105548, -114.81458280510685, 1.1, 1.1
53.451332830947834, -114.41589617067956, 1.1, 1.1
53.40501181579346, -114.01862480128386, 1.1, 1.1
53.34494089193254, -113.6231962947325, 1.1, 1.1
53.27178163192734, -113.22997852553144, 1.1, 1.1
53.185968518455184, -112.83932728118381, 1.1, 1.1
53.087744586776545, -112.45161097552769, 1.1, 1.1
52.97725288551539, -112.0672112707459, 1.1, 1.1
52.854885929360876, -111.68642434332332, 1.1, 1.1
52.72133526150917, -111.3094126924601, 1.1, 1.1
52.57733821438499, -110.93626418776202, 1.1, 1.1
52.42363941799637, -110.56700387418734, 1.1, 1.1
52.26098260312461, -110.20159874316481, 1.1, 1.1
52.09010454983873, -109.8399628199262, 1.1, 1.1
51.91171114227366, -109.4819723726437, 1.1, 1.1
51.726465482658305, -109.1274780050305, 1.1, 1.1
51.53514874267419, -108.77622229829691, 1.1, 1.1
51.33844672505981, -108.42795279124165, 1.1, 1.1
51.13703410040256, -108.08238503891036, 1.1, 1.1
50.931577659474115, -107.73920494865393, 1.1, 1.1
50.722703343409975, -107.39809346609118, 1.1, 1.1
50.51110879956695, -107.05866207741724, 1.1, 1.1
50.297499562787856, -106.72049445394839, 1.1, 1.1
50.08256893311075, -106.38316474543613, 1.1, 1.1
49.86703905198013, -106.04621742786652, 1.1, 1.1
49.65170862808234, -105.70914267454732, 1.1, 1.1
49.43742023635773, -105.37140486896016, 1.1, 1.1
49.22511171484666, -105.03241969704852, 1.1, 1.1
49.01580978202766, -104.69157123243782, 1.1, 1.1
48.81068825006848, -104.34819238483962, 1.1, 1.1
48.61117709654951, -104.00152667746968, 1.1, 1.1
48.41879730933911, -103.65085781529402, 1.1, 1.1
48.235465737748484, -103.29538037375863, 1.1, 1.1
48.06348351811371, -102.93428321553009, 1.1, 1.1
47.905608197057084, -102.56681107922716, 1.1, 1.1
47.76511774183395, -102.19236429560007, 1.1, 1.1
47.64584426766396, -101.8106476003171, 1.1, 1.1
47.55270699166508, -101.42175549104664, 1.1, 1.1
47.490317669439484, -101.02679311347146, 1.1, 1.1
47.46446265207797, -100.62780812636507, 1.1, 1.1
47.47917096147491, -100.2283004275813, 1.1, 1.1
47.53664634372902, -99.83266540357873, 1.1, 1.1
47.63476683817058, -99.44507166080031, 1.1, 1.1
47.76807522682421, -99.0681005138549, 1.1, 1.1
47.93185671571109, -98.70329923623886, 1.1, 1.1
48.12102532386108, -98.35096477366653, 1.1, 1.1
48.331523612598716, -98.0109151639825, 1.1, 1.1
48.55984502083702, -97.68254737060457, 1.1, 1.1
48.803014429589226, -97.36500685827133, 1.1, 1.1
49.05859548801205, -97.0573612125883, 1.1, 1.1
49.3245699996508, -96.75864959590442, 1.1, 1.1
49.59930595208149, -96.46796773433869, 1.1, 1.1
49.88168205755165, -96.18469748278568, 1.1, 1.1
50.17036252395627, -95.90785159035758, 1.1, 1.1
50.464628380214926, -95.6369471535823, 1.1, 1.1
50.76359837699482, -95.37124162255002, 1.1, 1.1
51.06662566109474, -95.11017074095214, 1.1, 1.1
51.37320273030468, -94.85327602323821, 1.1, 1.1
51.6828388767893, -94.60007586828479, 1.1, 1.1
51.99508627836686, -94.350102398324, 1.1, 1.1
52.309579669686784, -94.1029599104179, 1.1, 1.1
52.62599146405101, -93.85827773174506, 1.1, 1.1
52.94402543050961, -93.61570727686605, 1.1, 1.1
53.26341126045262, -93.37491918054545, 1.1, 1.1
53.58389986256113, -93.13560053443976, 1.1, 1.1
53.905259247913015, -92.89745223822146, 1.1, 1.1
54.22727088640977, -92.6601864637289, 1.1, 1.1
54.549726431607255, -92.4235242228115, 1.1, 1.1
54.87242472374591, -92.18719302445254, 1.1, 1.1
55.19516899055086, -91.95092460365164, 1.1, 1.1
55.51776417246972, -91.71445270284676, 1.1, 1.1
55.84001430365218, -91.47751088598366, 1.1, 1.1
56.16171988231349, -91.23983036548039, 1.1, 1.1
56.48267516426516, -91.0011378232143, 1.1, 1.1
56.802665311386605, -90.76115320833128, 1.1, 1.1
57.12146332264915, -90.51958749730964, 1.1, 1.1
57.43882666893739, -90.27614040563046, 1.1, 1.1
57.7544935442879, -90.0304980460877, 1.1, 1.1
58.06817863521234, -89.78233053692207, 1.1, 1.1
58.37956829651158, -89.531289574542, 1.1, 1.1
58.68831500655593, -89.27700600192827, 1.1, 1.1
58.99403095781573, -89.01908742667362, 1.1, 1.1
59.29628062035443, -88.75711597430762, 1.1, 1.1
59.59447789575646, -88.49054238493315, 1.1, 1.1
59.88810788738922, -88.2189486907416, 1.1, 1.1
60.176529132019205, -87.94183179433723, 1.1, 1.1
60.45884829700319, -87.65850365418657, 1.1, 1.1
60.734198398568154, -87.36840160479532, 1.1, 1.1
61.00145755562149, -87.07083426401692, 1.1, 1.1
61.25935643793095, -86.7651227134109, 1.1, 1.1
61.50617385760255, -86.45040464106762, 1.1, 1.1
61.74019554337, -86.12607049769994, 1.1, 1.1
61.95914155429834, -85.79138595093374, 1.1, 1.1
62.160325621326876, -85.44574710339134, 1.1, 1.1
62.34064220831121, -85.08879635632906, 1.1, 1.1
62.49660271339187, -84.72057303187233, 1.1, 1.1
62.62444982758873, -84.34168791343245, 1.1, 1.1
62.71978895025776, -83.95337116315889, 1.1, 1.1
62.77942173628125, -83.5580197786954, 1.1, 1.1
62.800394290650814, -83.15876130342608, 1.1, 1.1
62.78146137536624, -82.75939505841075, 1.1, 1.1
62.72603357631911, -82.363405066067, 1.1, 1.1
62.63883472238533, -81.97313922974695, 1.1, 1.1
62.52484601686812, -81.58981356997685, 1.1, 1.1
62.388743847463736, -81.21375131213435, 1.1, 1.1
62.23440380498638, -80.84478196435388, 1.1, 1.1
62.06502059942528, -80.4824596183748, 1.1, 1.1
61.883344702760674, -80.12613563890099, 1.1, 1.1
61.69177841748029, -79.77502427147405, 1.1, 1.1
61.492142929598636, -79.42843203509238, 1.1, 1.1
61.286057793715784, -79.08563260906143, 1.1, 1.1
61.07495794733751, -78.74589591029147, 1.1, 1.1
60.86003704706658, -78.40856185795099, 1.1, 1.1
60.64237109837983, -78.07299141454152, 1.1, 1.1
60.42297440049073, -77.73854934940726, 1.1, 1.1
60.202730875923116, -77.40466404188422, 1.1, 1.1
59.98252391507622, -77.07075463444468, 1.1, 1.1
59.763179919064, -76.73627798844998, 1.1, 1.1
59.5455449079556, -76.40068737213086, 1.1, 1.1
59.330482037855745, -76.06344350880983, 1.1, 1.1
59.11882003053793, -75.72405604551639, 1.1, 1.1
58.91146723980329, -75.38201991258545, 1.1, 1.1
58.709534352313796, -75.03675816929126, 1.1, 1.1
58.51393985581633, -74.68786931770754, 1.1, 1.1
58.32584403243724, -74.33488343261853, 1.1, 1.1
58.14673240121176, -73.97725865836915, 1.1, 1.1
57.977744829171996, -73.6147445459648, 1.1, 1.1
57.820722822701974, -73.24689508980637, 1.1, 1.1
57.67719279299419, -72.87358023527621, 1.1, 1.1
57.549265474875455, -72.49464363865458, 1.1, 1.1
57.43874517103143, -72.1102753818883, 1.1, 1.1
57.34822784754048, -71.72072208313881, 1.1, 1.1
57.279436142231816, -71.32676239469906, 1.1, 1.1
57.234937543190874, -70.92933143610601, 1.1, 1.1
57.21520249676434, -70.52990275799647, 1.1, 1.1
57.21765187475311, -70.12997452256229, 1.1, 1.1
57.239571110271946, -69.730625275872, 1.1, 1.1
57.27724509524245, -69.3324446713487, 1.1, 1.1
57.327702866946254, -68.93567109766643, 1.1, 1.1
57.38794894813468, -68.54025925756844, 1.1, 1.1
57.455012804575226, -68.14594177287367, 1.1, 1.1
57.52624711299701, -67.75235364576203, 1.1, 1.1
57.59888562144943, -67.3590213921036, 1.1, 1.1
57.67024279273837, -66.96545548877891, 1.1, 1.1
57.73765339864484, -66.57119704806595, 1.1, 1.1
57.79819142371274, -66.17582946094885, 1.1, 1.1
57.84891427120171, -65.7790910391196, 1.1, 1.1
57.88676039887787, -65.38092537683826, 1.1, 1.1
57.907955830135705, -64.98154003835032, 1.1, 1.1
57.909339926440644, -64.58161510899498, 1.1, 1.1
57.887700194768584, -64.18228151580814, 1.1, 1.1
57.84207842880897, -63.78496540735382, 1.1, 1.1
57.77447113803275, -63.39079137162015, 1.1, 1.1
57.68693336534295, -63.00054960559291, 1.1, 1.1
57.58133373524073, -62.614792260850756, 1.1, 1.1
57.45971127264589, -62.2337777703204, 1.1, 1.1
57.32424620566348, -61.85745568436694, 1.1, 1.1
57.176527071290096, -61.48576645563721, 1.1, 1.1
57.01844291211998, -61.1183623863933, 1.1, 1.1
56.85153678059736, -60.754876624664334, 1.1, 1.1
56.67722533596702, -60.39488072763327, 1.1, 1.1
56.49692950064799, -60.03784185399228, 1.1, 1.1
56.31183740132098, -59.683263911152146, 1.1, 1.1
56.123186291309814, -59.33056528179787, 1.1, 1.1
55.93207380465606, -58.9791933811915, 1.1, 1.1
55.73960762571463, -58.628560642361414, 1.1, 1.1
55.54686011463987, -58.27808237448624, 1.1, 1.1
55.35469733776915, -57.927283256178, 1.1, 1.1
55.16335158493181, -57.5760378303557, 1.1, 1.1
54.97284588677645, -57.22433607421331, 1.1, 1.1
54.78318934475166, -56.87217568913122, 1.1, 1.1
54.59439986834478, -56.51954971860087, 1.1, 1.1
54.406489920962606, -56.16645428289381, 1.1, 1.1
54.21947150647835, -55.81288583204548, 1.1, 1.1
54.033365481582244, -55.458836290892876, 1.1, 1.1
53.84817277438892, -55.104308162024914, 1.1, 1.1
53.66392778675937, -54.7492865961983, 1.1, 1.1
53.48061845140165, -54.39378101995535, 1.1, 1.1
53.2982878827889, -54.03777246692297, 1.1, 1.1
53.11692479781459, -53.68127008693697, 1.1, 1.1
52.936555785662065, -53.32426373017307, 1.1, 1.1
52.75719481053746, -52.96674988379317, 1.1, 1.1
52.57884015555242, -52.60873293712699, 1.1, 1.1
52.401536336346105, -52.25019441763999, 1.1, 1.1
52.22526609317614, -51.89114664632565, 1.1, 1.1
52.05005535368507, -51.53158065271177, 1.1, 1.1
51.875923218024795, -51.17149108511754, 1.1, 1.1
51.70286468603249, -50.81088431675921, 1.1, 1.1
51.53091381297017, -50.44974805823677, 1.1, 1.1
51.36007145374439, -50.088086096862256, 1.1, 1.1
51.190341104255246, -49.72590092000831, 1.1, 1.1
51.02176139019171, -49.36317874821464, 1.1, 1.1
50.85432173908739, -48.999928916312925, 1.1, 1.1
50.68803053983269, -48.6361518880843, 1.1, 1.1
50.522927730157676, -48.27183396376137, 1.1, 1.1
50.35899756852295, -47.90698691173621, 1.1, 1.1
50.19625000080626, -47.54161078866047, 1.1, 1.1
50.03472342143902, -47.17569324959282, 1.1, 1.1
49.874402415099695, -46.809245931324284, 1.1, 1.1
49.715295520985364, -46.44226981597764, 1.1, 1.1
49.557437237573744, -46.07475486790804, 1.1, 1.1
49.4008170131407, -45.70671062931789, 1.1, 1.1
49.2454394903183, -45.338140027636726, 1.1, 1.1
49.09133351417104, -44.969035954490266, 1.1, 1.1
48.93849679453576, -44.599404530644634, 1.1, 1.1
48.78692815648377, -44.22925131701717, 1.1, 1.1
48.63664971230356, -43.85857240875395, 1.1, 1.1
48.48766952862397, -43.48736982818467, 1.1, 1.1
48.33997934709786, -43.115652117870525, 1.1, 1.1
48.19359421692404, -42.7434185164136, 1.1, 1.1
48.048533213426154, -42.37066691384819, 1.1, 1.1
47.90478045911399, -41.997408844805136, 1.1, 1.1
47.76234441573516, -41.623646310660305, 1.1, 1.1
47.621254262102205, -41.24937365188425, 1.1, 1.1
47.48148675754173, -40.87460508059748, 1.1, 1.1
47.34304565366295, -40.499344481425844, 1.1, 1.1
47.20596602304292, -40.12358440992624, 1.1, 1.1
47.070220019617636, -39.74734052821999, 1.1, 1.1
46.93580947322582, -39.37061747566482, 1.1, 1.1
46.80276766510852, -38.993408869895276, 1.1, 1.1
46.67106755321472, -38.61572975185552, 1.1, 1.1
46.5407078802504, -38.237585850399824, 1.1, 1.1
46.411723451432664, -37.858970646733106, 1.1, 1.1
46.284081609834224, -37.47990073668865, 1.1, 1.1
46.157785537478446, -37.10038030668808, 1.1, 1.1
46.032862416227054, -36.72040574776764, 1.1, 1.1
45.90927920330743, -36.33999330167483, 1.1, 1.1
45.78704865843249, -35.95914405593648, 1.1, 1.1
45.66617844949668, -35.57786090910197, 1.1, 1.1
45.54664233571826, -35.19615740261351, 1.1, 1.1
45.42846733030899, -34.81403029705728, 1.1, 1.1
45.311630784905304, -34.43149184764962, 1.1, 1.1
45.19612798391055, -34.04854855990199, 1.1, 1.1
45.08197838166745, -33.665199733629365, 1.1, 1.1
44.96914487660039, -33.281461468231534, 1.1, 1.1
44.85765786753501, -32.897329838418074, 1.1, 1.1
44.74748562500578, -32.5128190725595, 1.1, 1.1
44.638636019414264, -32.12793178232408, 1.1, 1.1
44.531104626457164, -31.742674134227467, 1.1, 1.1
44.42487384734985, -31.357055814821152, 1.1, 1.1
44.31995998977716, -30.971077129163184, 1.1, 1.1
44.2163268146813, -30.584752606682734, 1.1, 1.1
44.11400440500158, -30.198078848282577, 1.1, 1.1
44.01294507852897, -29.811073049008428, 1.1, 1.1
43.91318539372923, -29.423730200837287, 1.1, 1.1
43.814673748420084, -29.036068060476055, 1.1, 1.1
43.717445576376896, -28.64808202663328, 1.1, 1.1
43.62145316077332, -28.259788403996595, 1.1, 1.1
43.526722954022354, -27.871184918206314, 1.1, 1.1
43.43321916689855, -27.482284513779454, 1.1, 1.1
43.34095120247446, -27.0930890538729, 1.1, 1.1
43.24990343213962, -26.703606333649926, 1.1, 1.1
43.16005997619567, -26.313844042401122, 1.1, 1.1
43.07143374373672, -25.92380316729691, 1.1, 1.1
42.98398283323295, -25.533497087841596, 1.1, 1.1
42.89755941799872, -25.142962101432914, 1.1, 1.1
42.8112577025671, -24.752400176083203, 1.1, 1.1
42.72386536181303, -24.362081159345657, 1.1, 1.1
42.63407832046879, -23.972306805975663, 1.1, 1.1
42.54069599154634, -23.58337928654935, 1.1, 1.1
42.442290725651105, -23.195693993041512, 1.1, 1.1
42.337531963030344, -22.809679399505317, 1.1, 1.1
42.224899917967534, -22.425891588073412, 1.1, 1.1
42.10279261400017, -22.045016394696216, 1.1, 1.1
41.96948902046643, -21.66792045467597, 1.1, 1.1
41.82327803712558, -21.295644243070498, 1.1, 1.1
41.661930753685304, -20.9296841756856, 1.1, 1.1
41.483759501532795, -20.571628877869994, 1.1, 1.1
41.28675666089975, -20.223590474414937, 1.1, 1.1
41.068903283470384, -19.888222361978187, 1.1, 1.1
40.82872030039936, -19.568491774388626, 1.1, 1.1
40.56539616990996, -19.267562736649072, 1.1, 1.1
40.279608310538386, -18.987875529332822, 1.1, 1.1
39.9743049932125, -18.72960286996922, 1.1, 1.1
39.65274541896825, -18.491838428485597, 1.1, 1.1
39.31775419474072, -18.273373415541332, 1.1, 1.1
38.971937347214485, -18.072466749080807, 1.1, 1.1
38.617503246460664, -17.887164200598505, 1.1, 1.1
38.25608639654204, -17.715856964735433, 1.1, 1.1
37.88913505469083, -17.556737251149407, 1.1, 1.1
37.517815671567405, -17.40808105907077, 1.1, 1.1
37.1430100436869, -17.268437544191983, 1.1, 1.1
36.76550697235385, -17.136250926673874, 1.1, 1.1
36.38591675629201, -17.010176134723118, 1.1, 1.1
36.00475071409755, -16.88894359497729, 1.1, 1.1
35.622480409363426, -16.771235614741833, 1.1, 1.1
35.23947730337321, -16.655931842412834, 1.1, 1.1
34.8561272641372, -16.5417857146734, 1.1, 1.1
34.47276404441427, -16.427683775294984, 1.1, 1.1
34.08957479070914, -16.312999060258537, 1.1, 1.1
33.706579852081255, -16.19766708705802, 1.1, 1.1
33.323793983158424, -16.08164311320416, 1.1, 1.1
32.9412178136947, -15.964929556476829, 1.1, 1.1
32.55886505720462, -15.847486185846176, 1.1, 1.1
32.17673974128873, -15.729304901491314, 1.1, 1.1
31.794853718452128, -15.61035266893255, 1.1, 1.1
31.41321277912028, -15.490616459889921, 1.1, 1.1
31.031828693523767, -15.370064646567108, 1.1, 1.1
30.650707091460625, -15.248685554476854, 1.1, 1.1
30.26986172273592, -15.126442524824483, 1.1, 1.1
29.889295845395143, -15.00333214233256, 1.1, 1.1
29.509027531123575, -14.879305705098385, 1.1, 1.1
29.129057505068047, -14.754368436551275, 1.1, 1.1
28.749403775225954, -14.62847329928151, 1.1, 1.1
28.370071229671698, -14.50161373709884, 1.1, 1.1
27.99107096311046, -14.37376488312066, 1.1, 1.1
27.61241798821697, -14.244891118651637, 1.1, 1.1
27.23411594095065, -14.114990856098284, 1.1, 1.1
26.85618241137544, -13.984022290863496, 1.1, 1.1
26.478625761042476, -13.851971242712004, 1.1, 1.1
26.101453670921277, -13.718825758156921, 1.1, 1.1
25.724685781152072, -13.58454075663344, 1.1, 1.1
25.348327759106738, -13.449111344197362, 1.1, 1.1
24.97238928617496, -13.312521615912232, 1.1, 1.1
24.59688967642016, -13.174729987914105, 1.1, 1.1
24.221836356144646, -13.035728269331337, 1.1, 1.1
23.847238676734648, -12.895503283875968, 1.1, 1.1
23.473113060184307, -12.754023611231688, 1.1, 1.1
23.09947349437944, -12.611265301598557, 1.1, 1.1
22.726326454816878, -12.467224568150286, 1.1, 1.1
22.35368426027468, -12.321882721815989, 1.1, 1.1
21.981568077969843, -12.175199379576313, 1.1, 1.1
21.609983188812254, -12.027175388203084, 1.1, 1.1
21.238940507460992, -11.877797496576719, 1.1, 1.1
20.868452912117224, -11.727048087990916, 1.1, 1.1
20.498542192359753, -11.574888646359753, 1.1, 1.1
20.129210907578475, -11.421328198165611, 1.1, 1.1
19.760471243220824, -11.266352504063818, 1.1, 1.1
19.392335911087162, -11.109946615791948, 1.1, 1.1
19.024826657234627, -10.952075253865154, 1.1, 1.1
18.657945318323474, -10.79275019794511, 1.1, 1.1
18.29170359751983, -10.631960309239425, 1.1, 1.1
17.926113023180367, -10.469695278888153, 1.1, 1.1
17.561196381327097, -10.305920281541695, 1.1, 1.1
17.196954123103772, -10.140650948590931, 1.1, 1.1
16.833396842020313, -9.97388022798301, 1.1, 1.1
16.470535188360415, -9.805601254223653, 1.1, 1.1
16.10839146141902, -9.635782782338083, 1.1, 1.1
15.746965371513767, -9.464442348948928, 1.1, 1.1
15.386265741351934, -9.291577848823323, 1.1, 1.1
15.026302372558519, -9.117185306965744, 1.1, 1.1
14.667098201291331, -8.94123433121473, 1.1, 1.1
14.308648520131275, -8.763751437493013, 1.1, 1.1
13.950961725128348, -8.584736039515391, 1.1, 1.1
13.594051480892993, -8.404177312059005, 1.1, 1.1
13.237930666327411, -8.222066554721998, 1.1, 1.1
12.88259631155142, -8.038426030850808, 1.1, 1.1
12.52805516502438, -7.853258677481719, 1.1, 1.1
12.174330848623267, -7.666535665332049, 1.1, 1.1
11.821413876545904, -7.4782912577828, 1.1, 1.1
11.469308571309092, -7.288532940684156, 1.1, 1.1
11.118036064515138, -7.097237359077873, 1.1, 1.1
10.767589878215098, -6.904432224915595, 1.1, 1.1
10.41796968331903, -6.7101332551342665, 1.1, 1.1
10.069199033323741, -6.514313414076057, 1.1, 1.1
9.721264772172422, -6.317011353710541, 1.1, 1.1
9.374170831075105, -6.118234659609698, 1.1, 1.1
9.02793626471654, -5.917964846283766, 1.1, 1.1
8.682542331066946, -5.71624871432244, 1.1, 1.1
8.338008321940569, -5.513067274740138, 1.1, 1.1
7.994326859135114, -5.308447093701957, 1.1, 1.1
7.651498050139034, -5.102401485505872, 1.1, 1.1
7.309533500272711, -4.8949246798270565, 1.1, 1.1
6.968415498045916, -4.686058928747748, 1.1, 1.1
6.628168631533979, -4.475777063554105, 1.1, 1.1
6.288763710594383, -4.2641389261190525, 1.1, 1.1
5.95023168446294, -4.051107305639391, 1.1, 1.1
5.612538837294754, -3.8367479162388918, 1.1, 1.1
5.275715281507198, -3.6210251745349993, 1.1, 1.1
4.939730292424484, -3.4039986868919243, 1.1, 1.1
4.604605422367456, -3.185646375626625, 1.1, 1.1
4.270320963523361, -2.9660096025811242, 1.1, 1.1
3.936881716439924, -2.745091780284312, 1.1, 1.1
3.6042874640874576, -2.5229038355712206, 1.1, 1.1
3.272519478718753, -2.2994839685752098, 1.1, 1.1
2.941600425877002, -2.0748086079550987, 1.1, 1.1
2.611502858917566, -1.8489280549165272, 1.1, 1.1
2.282224825888335, -1.621854451574535, 1.1, 1.1
1.953780530904634, -1.3935765656802488, 1.1, 1.1
1.6261441697911039, -1.164140619261893, 1.1, 1.1
1.2993116077926898, -0.9335610570079069, 1.1, 1.1
0.9732974402212711, -0.7018258071763697, 1.1, 1.1
0.6480789014371873, -0.4689753113558055, 1.1, 1.1
0.32364920399746144, -0.23502696779065246, 1.1, 1.1
